Make,Model,Year,Engine Size,Mileage,Fuel Type,Transmission,Price
Honda,Model B,2015,3.9,74176,Petrol,Manual,30246.20793
Ford,Model C,2014,1.7,94799,Electric,Automatic,22785.74768
BMW,Model B,2006,4.1,98385,Electric,Manual,25760.29035
Honda,Model B,2015,2.6,88919,Electric,Automatic,25638.00349
Honda,Model C,2004,3.4,138482,Petrol,Automatic,21021.38666
Ford,Model C,2015,2.7,81462,Electric,Manual,25509.93288
Audi,Model B,2000,1.3,179340,Diesel,Manual,12268.20603
Audi,Model C,2018,2,165320,Electric,Automatic,27783.73788
Honda,Model A,2004,4.4,31159,Electric,Automatic,27392.17842
Ford,Model C,2006,4.4,42039,Electric,Automatic,28434.53362
Audi,Model C,2018,2.1,47800,Electric,Automatic,29404.95401
Ford,Model B,2021,4.5,40761,Diesel,Manual,36811.01282
Ford,Model A,2004,4,94626,Petrol,Automatic,25205.00396
Honda,Model D,2016,3.1,118368,Diesel,Manual,27796.0755
Honda,Model D,2021,1.1,174735,Diesel,Manual,23521.88168
Toyota,Model E,2007,4.2,80903,Petrol,Manual,26493.18323
Audi,Model C,2000,3,171484,Electric,Automatic,16626.37945
Audi,Model C,2001,4,118998,Petrol,Automatic,21122.18914
Audi,Model A,2014,3.9,166439,Petrol,Manual,21853.33259
BMW,Model D,2019,3.9,136885,Diesel,Manual,34716.98002
Ford,Model E,2017,3.4,59894,Petrol,Manual,32761.6455
Honda,Model A,2010,2,51444,Electric,Manual,23469.16159
Audi,Model C,2009,2.2,165341,Diesel,Automatic,20093.07081
Toyota,Model D,2003,2.1,61748,Electric,Manual,18920.31855
Audi,Model E,2004,1.1,41190,Diesel,Automatic,20152.0969
Ford,Model B,2003,3,40318,Electric,Automatic,21520.12292
Ford,Model D,2012,3.4,168090,Petrol,Automatic,23293.13031
Honda,Model E,2012,4,124078,Petrol,Automatic,23633.38955
BMW,Model A,2017,1.5,39759,Petrol,Manual,29288.89579
Honda,Model B,2001,2.9,16498,Electric,Automatic,25839.54216
Audi,Model E,2015,1,25989,Diesel,Manual,25546.5888
Toyota,Model E,2000,1.3,156640,Diesel,Automatic,14089.78841
Honda,Model C,2018,1.2,117035,Diesel,Manual,22788.3213
BMW,Model D,2008,3.5,66577,Petrol,Manual,27694.61193
Honda,Model C,2002,1.3,105231,Electric,Manual,15961.2139
Ford,Model B,2006,3.5,161171,Diesel,Manual,22519.39025
Audi,Model E,2009,1.9,89900,Electric,Manual,19181.81636
Audi,Model C,2000,4.1,171711,Diesel,Automatic,16604.49817
Audi,Model D,2009,3.8,104679,Petrol,Manual,23648.41736
Audi,Model B,2020,4.4,23482,Electric,Automatic,37032.60752
Audi,Model A,2008,4.1,69212,Diesel,Manual,28849.5794
Audi,Model C,2014,4.3,186333,Diesel,Automatic,25844.62473
Toyota,Model B,2014,4,30048,Diesel,Automatic,31479.64694
BMW,Model A,2002,3.4,134137,Diesel,Automatic,14502.97587
Audi,Model C,2004,1.6,133108,Petrol,Manual,17622.00459
BMW,Model B,2008,2,35814,Diesel,Automatic,26785.39817
Audi,Model B,2021,1.7,190766,Diesel,Manual,28722.71774
Honda,Model C,2008,3.1,147996,Petrol,Manual,20951.40956
Audi,Model B,2006,2.8,129493,Diesel,Automatic,19794.71898
Ford,Model E,2011,4,60204,Electric,Automatic,30130.30956
Toyota,Model C,2008,4.3,32844,Electric,Manual,29445.48311
Honda,Model B,2005,2.4,81943,Diesel,Manual,24753.59681
Honda,Model A,2001,2.8,21518,Petrol,Manual,22407.72268
Ford,Model A,2008,4.4,148131,Petrol,Manual,23895.75456
Audi,Model E,2016,2,23052,Petrol,Manual,31599.82615
Toyota,Model C,2000,3.8,69803,Diesel,Manual,23726.57863
Honda,Model B,2018,1.8,71524,Diesel,Automatic,30346.21534
Toyota,Model B,2005,3.4,89572,Electric,Manual,22948.2679
Honda,Model A,2004,1.9,139752,Petrol,Manual,20338.969
Audi,Model E,2001,4.1,67021,Diesel,Automatic,21021.26925
Honda,Model A,2008,3,20043,Diesel,Automatic,24750.23938
Honda,Model A,2013,1.7,2419,Diesel,Automatic,31337.12983
BMW,Model E,2003,1.8,187964,Petrol,Manual,14716.49915
Audi,Model C,2003,2.7,121831,Petrol,Automatic,21650.08173
Ford,Model B,2020,4.4,101799,Electric,Automatic,32908.99192
Ford,Model C,2014,3.7,148212,Petrol,Manual,25975.31818
Audi,Model D,2007,2.7,174556,Diesel,Manual,16516.15828
Ford,Model D,2003,2.2,194941,Electric,Manual,15099.27086
Audi,Model D,2015,2.9,176282,Petrol,Manual,26209.11447
Ford,Model E,2020,3.6,57600,Petrol,Automatic,33433.34059
BMW,Model A,2003,3.7,116467,Petrol,Manual,23440.80639
Ford,Model C,2015,2.1,78497,Petrol,Automatic,28083.89792
Honda,Model B,2021,3.5,108611,Diesel,Manual,29044.03397
Audi,Model D,2011,3.3,137559,Petrol,Automatic,25936.31066
Toyota,Model C,2015,4.4,60692,Diesel,Manual,31637.94255
Toyota,Model D,2018,4.3,62112,Diesel,Manual,32975.09518
Audi,Model D,2007,3.8,162182,Diesel,Manual,26186.29038
BMW,Model B,2005,3.5,16360,Electric,Automatic,28876.60673
Ford,Model E,2009,2,180482,Diesel,Automatic,17198.89595
BMW,Model A,2004,4,83038,Petrol,Automatic,24977.17613
Toyota,Model E,2017,2.5,3017,Electric,Manual,32422.38985
Audi,Model C,2009,2,86261,Petrol,Automatic,26559.13631
Audi,Model E,2009,2.3,191196,Diesel,Manual,18619.12116
BMW,Model C,2006,3.9,182021,Petrol,Manual,25114.94731
BMW,Model C,2017,1.5,189340,Electric,Manual,18439.53461
Ford,Model A,2000,2.6,66320,Electric,Automatic,20819.29449
Honda,Model B,2006,2.7,31127,Petrol,Manual,24317.93912
Honda,Model A,2020,1.1,134268,Petrol,Automatic,23496.94279
Ford,Model E,2000,1.7,75088,Petrol,Manual,17699.35699
Honda,Model C,2014,3.9,172372,Electric,Manual,23758.78664
Toyota,Model D,2003,3.9,180786,Diesel,Manual,22721.04361
Honda,Model D,2019,2,31921,Petrol,Automatic,33749.07066
Ford,Model C,2009,4.1,4746,Diesel,Automatic,32267.98902
Honda,Model A,2008,3.7,68535,Electric,Manual,26024.54621
Audi,Model B,2001,2.5,65350,Petrol,Automatic,19866.03391
BMW,Model A,2013,3.6,181417,Petrol,Automatic,25112.76748
Toyota,Model C,2015,4.4,180292,Electric,Manual,26885.7019
Audi,Model C,2000,2.6,81131,Petrol,Manual,19853.79809
Audi,Model B,2001,1.8,22063,Diesel,Automatic,23079.23601
Ford,Model E,2006,4.3,117116,Electric,Manual,26526.34108
BMW,Model E,2009,3.1,88913,Electric,Manual,24946.26994
BMW,Model B,2021,1.4,78946,Petrol,Automatic,26778.04817
Toyota,Model E,2019,3,177043,Electric,Automatic,23005.61867
Ford,Model D,2000,2.8,134670,Petrol,Manual,18367.76335
Toyota,Model E,2012,4,10564,Petrol,Automatic,36806.29195
Honda,Model E,2000,2.9,49725,Electric,Automatic,20092.42346
Audi,Model E,2004,1.9,86134,Petrol,Manual,22692.23816
Toyota,Model D,2015,3.4,105940,Diesel,Manual,26651.88768
Audi,Model E,2014,2.9,191012,Diesel,Manual,21301.33693
Ford,Model D,2016,1.8,62085,Petrol,Manual,29325.59696
Honda,Model B,2015,3,17862,Diesel,Automatic,31096.38369
Ford,Model A,2012,3.9,10265,Petrol,Automatic,32783.26959
Honda,Model B,2010,1.1,140777,Diesel,Manual,19619.33951
Honda,Model A,2016,3.2,186351,Electric,Manual,22734.55468
Audi,Model B,2016,2.2,62471,Petrol,Manual,30066.64511
Ford,Model A,2001,2,91080,Petrol,Manual,18822.83563
Ford,Model A,2012,2.4,194051,Petrol,Automatic,17320.4295
Toyota,Model C,2013,2.2,55828,Petrol,Automatic,25323.63196
Ford,Model A,2010,3.9,116884,Petrol,Manual,19722.49431
Toyota,Model A,2009,2,108007,Petrol,Manual,22203.63406
BMW,Model C,2002,3.6,46104,Electric,Automatic,27502.93293
BMW,Model E,2016,1.3,40934,Electric,Automatic,25459.00034
BMW,Model E,2014,4.3,114420,Diesel,Automatic,30050.07652
Ford,Model C,2008,3.2,6050,Petrol,Automatic,29958.63477
Ford,Model D,2009,3.5,175024,Diesel,Manual,20245.04495
Toyota,Model A,2007,2,8484,Diesel,Automatic,29148.86831
Honda,Model A,2020,2.4,62648,Electric,Automatic,30122.27912
Toyota,Model C,2012,1.8,59945,Diesel,Automatic,29623.28676
BMW,Model C,2017,4.3,184750,Electric,Manual,23591.14206
Toyota,Model D,2004,2.7,31323,Diesel,Manual,24295.5789
Honda,Model E,2005,3.2,86332,Petrol,Automatic,23282.89595
Ford,Model B,2016,3.6,94605,Diesel,Automatic,29388.52396
Toyota,Model E,2010,2.3,166433,Electric,Manual,21711.01197
BMW,Model A,2019,3.5,10315,Electric,Manual,41780.50464
BMW,Model C,2015,3.4,47968,Electric,Automatic,31811.73231
Ford,Model D,2008,3.5,157591,Diesel,Manual,22168.93049
Toyota,Model E,2001,2.7,9107,Diesel,Automatic,22252.25095
Honda,Model D,2004,2.3,55781,Electric,Manual,19030.73705
Ford,Model E,2000,1.8,3869,Petrol,Automatic,24747.07166
Toyota,Model A,2003,3.9,80983,Petrol,Automatic,23157.28169
Audi,Model B,2003,3.1,158442,Diesel,Manual,23986.21671
BMW,Model D,2021,2.6,193767,Diesel,Automatic,26748.07324
Honda,Model D,2002,4.3,191494,Electric,Manual,19708.41895
Honda,Model B,2008,1.2,7971,Diesel,Manual,25789.70779
Honda,Model D,2021,4,96805,Diesel,Manual,33467.70353
BMW,Model D,2011,4.5,25651,Electric,Automatic,30828.31611
Toyota,Model E,2009,4.1,56974,Electric,Automatic,25348.29459
Ford,Model E,2001,3.8,23446,Diesel,Automatic,24826.32975
Toyota,Model B,2010,2.3,169180,Petrol,Manual,20104.28755
Ford,Model A,2009,1.8,3823,Diesel,Automatic,25613.2154
Honda,Model D,2021,3.6,144526,Petrol,Automatic,26901.5329
Toyota,Model A,2005,2.1,135004,Petrol,Automatic,17453.37937
Honda,Model B,2017,1.6,141292,Petrol,Automatic,25706.86493
Audi,Model B,2001,3.8,67965,Electric,Manual,25198.14157
Honda,Model E,2001,2.1,159280,Electric,Automatic,16078.81959
Honda,Model D,2009,4.2,10510,Electric,Manual,32548.69585
Ford,Model C,2015,3.9,175117,Diesel,Manual,23280.28306
Audi,Model B,2011,4,141609,Electric,Manual,23828.70042
Honda,Model D,2000,3.7,105935,Electric,Manual,21725.28015
Honda,Model A,2020,4.1,69134,Diesel,Automatic,31734.28234
Audi,Model E,2007,3.8,72254,Diesel,Automatic,26704.0965
Audi,Model A,2015,3.1,144854,Petrol,Automatic,22932.25081
Toyota,Model B,2017,2,114780,Diesel,Manual,22461.77414
Ford,Model B,2012,4.1,125544,Diesel,Automatic,28394.95751
Audi,Model A,2014,3.9,65587,Electric,Manual,32574.7417
Audi,Model B,2020,2.7,82238,Petrol,Automatic,29026.45801
BMW,Model D,2011,1.1,75720,Petrol,Automatic,19873.07484
Audi,Model B,2007,3.2,78004,Diesel,Automatic,20583.05562
Ford,Model E,2009,1.2,22072,Electric,Manual,28480.4003
Honda,Model D,2013,4.2,81015,Electric,Automatic,30072.03171
Honda,Model C,2004,4.4,72746,Electric,Manual,24946.71341
Honda,Model B,2017,1.7,176774,Electric,Manual,21333.47687
Honda,Model B,2018,3.4,102260,Diesel,Manual,25860.3355
BMW,Model E,2014,1.3,137129,Electric,Automatic,22983.34695
Audi,Model E,2005,3.6,128259,Petrol,Automatic,26287.26538
Honda,Model A,2010,2.2,30916,Petrol,Manual,25288.68598
Toyota,Model A,2020,3.4,27268,Diesel,Manual,39203.51407
Honda,Model A,2010,2.3,175050,Electric,Manual,19614.6902
Audi,Model E,2019,1.5,23259,Electric,Manual,33670.55626
Honda,Model A,2019,2.4,184655,Electric,Manual,24681.69209
BMW,Model A,2020,1.4,79400,Electric,Automatic,28442.26238
Ford,Model C,2017,3,34293,Diesel,Automatic,35473.20149
Ford,Model A,2017,1.1,111581,Electric,Automatic,25686.35788
Audi,Model B,2009,2.8,7043,Diesel,Manual,29497.54616
Ford,Model E,2001,4.1,181502,Electric,Manual,14742.22632
Ford,Model D,2008,3.9,107009,Electric,Automatic,22435.13287
Toyota,Model C,2013,4.1,38893,Petrol,Automatic,32672.45995
Audi,Model E,2018,4.2,171714,Diesel,Manual,30749.86661
Audi,Model E,2009,1.4,161940,Petrol,Manual,18459.90213
Ford,Model B,2003,1.5,26309,Diesel,Manual,21001.94072
Ford,Model A,2005,2.9,23284,Electric,Automatic,22457.45922
Ford,Model B,2013,4.1,126801,Electric,Manual,25792.77989
BMW,Model A,2003,4.4,113259,Diesel,Manual,23899.01226
Honda,Model A,2014,1.2,100804,Petrol,Manual,21646.8867
BMW,Model E,2015,2.2,69000,Diesel,Automatic,25521.10746
Audi,Model A,2006,1.7,84179,Diesel,Manual,21088.81547
Toyota,Model C,2016,3.6,193179,Electric,Automatic,27437.87334
Honda,Model C,2018,3.2,65049,Petrol,Manual,32516.98878
Toyota,Model C,2018,1.4,29265,Diesel,Manual,29908.49357
Audi,Model E,2016,2.7,23880,Petrol,Automatic,31582.97276
Audi,Model B,2005,3.4,84579,Petrol,Manual,25173.4034
Toyota,Model D,2010,3.7,131327,Diesel,Automatic,24613.38685
Toyota,Model A,2015,1.1,132574,Petrol,Manual,21249.13676
Toyota,Model D,2007,4.1,65424,Electric,Automatic,28905.18792
Audi,Model B,2010,3,70966,Electric,Manual,26000.90944
Ford,Model B,2006,3.8,172438,Electric,Automatic,18600.9052
Toyota,Model E,2021,3.8,158497,Electric,Automatic,32061.75002
Honda,Model C,2018,1.7,183400,Petrol,Manual,18490.14541
Audi,Model C,2009,1.4,67396,Electric,Automatic,25966.84565
BMW,Model B,2008,3.5,71694,Diesel,Manual,27428.21049
BMW,Model E,2003,1.5,136878,Electric,Automatic,14717.79853
Honda,Model E,2014,4,17106,Diesel,Manual,33193.20911
Ford,Model A,2012,3.5,56731,Diesel,Manual,28305.7232
Toyota,Model C,2001,3.9,75010,Electric,Manual,25164.95146
Audi,Model B,2001,2,32599,Electric,Manual,23445.9125
Toyota,Model D,2015,2.1,71326,Petrol,Automatic,28056.42704
Audi,Model C,2008,3.3,75706,Diesel,Manual,27307.46616
BMW,Model A,2012,1.1,9004,Electric,Manual,26520.13515
Toyota,Model E,2002,3.5,115018,Petrol,Manual,24772.45019
Honda,Model B,2008,3.9,182436,Electric,Manual,24125.41377
Ford,Model C,2012,2.5,25792,Electric,Manual,27756.38856
Honda,Model D,2020,3.7,195984,Electric,Automatic,28222.52343
Ford,Model A,2021,1.6,54645,Diesel,Manual,31414.91457
Toyota,Model A,2001,2.1,7232,Electric,Automatic,22818.87669
Toyota,Model C,2007,4.4,54766,Petrol,Automatic,27885.18671
Ford,Model D,2008,4.5,120601,Electric,Manual,28398.96602
BMW,Model A,2015,2.8,81588,Electric,Manual,27991.21249
Audi,Model B,2001,4.3,179614,Petrol,Automatic,19639.64378
Honda,Model A,2005,2.8,5913,Petrol,Automatic,29606.55813
Honda,Model D,2021,2,112406,Diesel,Automatic,32946.378
Honda,Model E,2007,1.9,113693,Diesel,Manual,19562.10011
Toyota,Model E,2004,4.3,93449,Diesel,Automatic,24485.7495
Honda,Model C,2008,1.6,10567,Diesel,Automatic,25819.65802
Audi,Model D,2000,3,38379,Petrol,Manual,23274.52287
Audi,Model A,2008,2.9,319,Electric,Automatic,29536.75978
Ford,Model A,2009,3.6,90005,Electric,Manual,25219.39298
Toyota,Model E,2003,2.7,110990,Electric,Automatic,17818.11796
Audi,Model E,2002,2,4791,Diesel,Manual,27268.10049
BMW,Model B,2009,1.6,131401,Petrol,Automatic,21354.115
Toyota,Model E,2014,3.2,61032,Petrol,Manual,28511.32853
Toyota,Model B,2010,3.5,175150,Petrol,Manual,23116.72602
Audi,Model A,2013,3,88662,Electric,Automatic,30732.80105
BMW,Model B,2005,3.6,21300,Diesel,Manual,26058.95676
Ford,Model B,2011,1.5,75700,Petrol,Automatic,24137.28043
Audi,Model C,2012,4.1,182017,Diesel,Manual,21319.42052
BMW,Model E,2016,3,55609,Petrol,Manual,29982.86675
Toyota,Model B,2015,1.4,191634,Diesel,Manual,20951.49077
BMW,Model A,2002,2.6,90045,Petrol,Manual,18468.30349
Toyota,Model D,2001,4,61901,Diesel,Manual,24030.54726
Audi,Model B,2010,4.1,5703,Petrol,Manual,33514.7046
Audi,Model E,2008,1.9,63115,Petrol,Manual,24822.65026
Honda,Model C,2002,3.5,27676,Diesel,Automatic,23300.93664
Honda,Model A,2017,1.3,192782,Diesel,Automatic,21208.44975
Honda,Model C,2019,1.1,191149,Electric,Manual,22259.98767
Audi,Model D,2014,3,121332,Diesel,Manual,26149.37103
Ford,Model B,2013,3.4,176512,Petrol,Manual,25653.07862
Audi,Model B,2001,3.8,167995,Petrol,Automatic,17521.35536
BMW,Model E,2016,2.2,29802,Diesel,Manual,30734.86893
Audi,Model B,2021,1,90331,Electric,Automatic,24653.04943
Audi,Model A,2007,2.7,193976,Diesel,Manual,14999.94831
Toyota,Model D,2009,1.1,191234,Petrol,Manual,17700.45796
Toyota,Model C,2017,1.3,124786,Petrol,Manual,23901.82494
Toyota,Model D,2018,2.1,65169,Electric,Manual,28014.71486
Audi,Model B,2007,2.5,68147,Diesel,Manual,21962.33797
Ford,Model C,2007,2,22075,Petrol,Automatic,27050.45476
BMW,Model E,2002,3,82015,Petrol,Manual,18883.22125
BMW,Model D,2002,1.2,9304,Petrol,Automatic,23920.55494
Ford,Model C,2011,1.5,129851,Diesel,Automatic,21909.44474
Ford,Model C,2021,3.4,120729,Diesel,Manual,27347.96722
BMW,Model C,2016,1.5,59622,Electric,Manual,27270.82283
Honda,Model A,2003,3.2,54215,Petrol,Manual,29496.69975
Toyota,Model D,2016,1.2,73973,Petrol,Automatic,28080.18657
Toyota,Model C,2013,2.4,108654,Electric,Automatic,23211.24564
BMW,Model D,2018,1.6,143593,Petrol,Automatic,25453.76136
Ford,Model C,2008,1.4,24028,Electric,Manual,21766.77374
Honda,Model E,2020,3,39328,Electric,Automatic,30290.97165
BMW,Model E,2011,4.2,27301,Petrol,Automatic,31400.33866
Toyota,Model E,2004,1.2,38015,Diesel,Automatic,22602.55454
Audi,Model B,2010,2.5,36845,Diesel,Manual,28780.41064
Ford,Model C,2019,3.5,86818,Diesel,Automatic,32809.46745
Audi,Model B,2002,2.6,76394,Diesel,Automatic,22369.80023
BMW,Model D,2020,3.8,175231,Petrol,Manual,24610.46775
Toyota,Model B,2014,1.6,43714,Electric,Manual,26892.43673
Honda,Model D,2013,4.4,80722,Electric,Manual,32201.26378
Audi,Model D,2010,2.3,25230,Petrol,Automatic,28225.08185
Honda,Model D,2019,2.2,92554,Diesel,Automatic,28636.51206
Toyota,Model B,2007,4.1,49262,Electric,Automatic,28895.35173
Audi,Model C,2003,3,41722,Petrol,Manual,25038.93976
Honda,Model B,2011,2.8,177431,Petrol,Automatic,17298.65543
Honda,Model C,2007,3.5,62796,Diesel,Manual,28669.98229
Audi,Model C,2005,3,171231,Petrol,Manual,18717.38419
Toyota,Model D,2014,1.6,87052,Electric,Automatic,26262.57291
Honda,Model B,2011,3.4,100808,Electric,Automatic,21648.30899
BMW,Model C,2015,1.5,136311,Petrol,Automatic,26006.43381
Audi,Model E,2015,3.8,91951,Electric,Manual,27189.62671
Ford,Model C,2020,4.5,50886,Petrol,Manual,40538.38206
Ford,Model E,2019,2.3,103424,Electric,Automatic,32167.28077
Toyota,Model B,2019,2.6,158267,Diesel,Manual,23136.81796
BMW,Model B,2003,1.2,104697,Electric,Automatic,19299.22337
Honda,Model B,2010,1,96299,Diesel,Automatic,19150.62628
Ford,Model C,2012,4.2,165746,Diesel,Automatic,23833.88793
Toyota,Model A,2008,1.5,149177,Petrol,Manual,17307.4848
BMW,Model C,2003,2.6,160811,Diesel,Manual,18555.31135
BMW,Model C,2011,3.9,163041,Electric,Automatic,24797.22358
Toyota,Model D,2008,4.1,14497,Electric,Automatic,28071.96836
Toyota,Model D,2012,2.8,132888,Diesel,Manual,24835.50281
Honda,Model C,2015,3,118915,Petrol,Automatic,26146.03175
Toyota,Model E,2005,3.3,92019,Diesel,Manual,19857.94424
Honda,Model D,2009,4.4,190326,Electric,Automatic,21915.63547
Honda,Model C,2012,3.1,109017,Electric,Manual,29070.00371
Audi,Model A,2006,3,69385,Diesel,Automatic,23730.18746
BMW,Model E,2018,1.1,105153,Diesel,Manual,21271.27638
BMW,Model B,2018,1.3,33826,Diesel,Automatic,30537.63347
BMW,Model C,2016,3,110034,Electric,Manual,25643.27963
Audi,Model C,2012,4.3,194437,Electric,Manual,24307.00786
Honda,Model E,2012,4,84242,Electric,Manual,28443.92701
Honda,Model D,2020,4.4,123066,Petrol,Manual,35170.04046
Toyota,Model D,2001,2.8,50100,Electric,Automatic,22252.43335
Audi,Model D,2009,3.8,125170,Electric,Manual,22552.32145
Toyota,Model B,2021,3.9,135431,Petrol,Manual,29590.75479
Audi,Model E,2012,3.3,96205,Petrol,Automatic,24332.1977
Toyota,Model E,2008,2.2,12809,Petrol,Manual,26341.02058
Ford,Model D,2000,2.6,64450,Petrol,Automatic,24517.08147
BMW,Model D,2013,4,38428,Petrol,Manual,34075.53608
BMW,Model A,2015,2,72790,Petrol,Manual,30942.88101
Honda,Model A,2019,4.2,111126,Diesel,Manual,32302.20019
Ford,Model C,2014,1.8,90321,Diesel,Manual,25370.15042
BMW,Model C,2000,3.6,2093,Diesel,Manual,24098.76388
Honda,Model E,2016,3.2,44498,Diesel,Manual,31714.43558
Ford,Model E,2012,3.6,116251,Electric,Automatic,26126.72744
BMW,Model B,2014,2.5,40985,Petrol,Automatic,30508.00473
Toyota,Model B,2015,4.3,32009,Electric,Manual,31255.04004
Audi,Model A,2015,3.2,128515,Petrol,Manual,26579.61491
Ford,Model C,2001,2,17718,Petrol,Automatic,19467.10575
Honda,Model A,2016,3.2,16705,Electric,Automatic,33239.97519
Ford,Model A,2010,2,87618,Diesel,Manual,24970.60376
Honda,Model C,2007,2,62598,Electric,Manual,20127.07982
Ford,Model B,2019,2.4,77878,Electric,Manual,26726.59549
Honda,Model C,2002,4,12239,Petrol,Manual,24796.08996
BMW,Model D,2011,2.8,46622,Petrol,Manual,27413.65008
Toyota,Model D,2019,3.4,46665,Petrol,Manual,30171.78077
BMW,Model D,2015,2.4,32274,Diesel,Automatic,32443.28044
Toyota,Model E,2013,1.9,142491,Electric,Manual,23047.75596
BMW,Model B,2015,4.3,108368,Electric,Manual,30879.67916
BMW,Model B,2020,3.1,146075,Diesel,Automatic,24718.15423
Ford,Model E,2016,4.3,161938,Electric,Automatic,30089.45617
Audi,Model A,2010,1.7,153060,Electric,Automatic,21046.21888
Honda,Model D,2016,1.5,186966,Petrol,Automatic,19287.00872
Honda,Model D,2018,4,108563,Diesel,Manual,27488.31415
Honda,Model A,2021,3.4,136746,Petrol,Automatic,29310.44555
Toyota,Model C,2000,1.7,93103,Diesel,Automatic,16811.98718
Honda,Model C,2011,1.9,66446,Petrol,Manual,24127.84633
Honda,Model B,2014,3.8,29072,Electric,Automatic,30735.53601
Ford,Model E,2017,2.6,33717,Diesel,Automatic,32457.02181
BMW,Model B,2013,3.3,157723,Diesel,Manual,19012.69996
Honda,Model C,2000,2.1,117202,Petrol,Manual,20199.75558
Audi,Model A,2012,2.3,175363,Diesel,Manual,22828.08298
Honda,Model B,2014,4.5,122389,Electric,Manual,29301.92038
Toyota,Model D,2006,1.9,109525,Electric,Manual,20035.57886
Toyota,Model D,2014,2.8,194422,Electric,Manual,24045.00131
Toyota,Model A,2019,4,4646,Petrol,Manual,36183.18169
Honda,Model C,2009,1.8,39713,Diesel,Automatic,24557.49103
Ford,Model D,2013,2.5,67936,Petrol,Automatic,29380.63614
Audi,Model D,2005,3.2,175403,Electric,Manual,23316.64145
Honda,Model E,2013,2.7,22185,Diesel,Automatic,27848.73635
Ford,Model B,2021,2.6,84263,Electric,Manual,31336.44863
Ford,Model C,2011,2.3,52107,Diesel,Automatic,24321.86624
Honda,Model B,2010,3.1,197626,Diesel,Manual,21321.97936
Honda,Model C,2019,3.2,17563,Petrol,Automatic,32465.48704
Ford,Model D,2021,3.3,70729,Diesel,Manual,34986.64651
Ford,Model E,2018,1.2,15701,Electric,Automatic,29414.7112
Ford,Model B,2001,3.2,179289,Diesel,Manual,17028.50734
Honda,Model D,2021,4.3,175682,Electric,Automatic,32578.13019
Ford,Model C,2019,2.9,181203,Petrol,Automatic,23773.84416
Toyota,Model B,2000,3.5,128331,Electric,Manual,20953.13439
Honda,Model B,2007,2.9,160482,Diesel,Automatic,19008.99312
Toyota,Model D,2013,4,99280,Electric,Automatic,30928.59509
BMW,Model B,2008,4.3,189787,Electric,Automatic,25684.1609
Honda,Model E,2001,1.6,38665,Diesel,Automatic,20240.9356
BMW,Model E,2004,2.5,15957,Electric,Automatic,20813.9692
Ford,Model D,2007,2.4,179199,Diesel,Manual,16963.77588
Ford,Model C,2015,2.4,194661,Petrol,Manual,26432.22265
Audi,Model D,2021,1.4,46008,Electric,Automatic,28815.37161
Ford,Model E,2015,3.8,61920,Petrol,Manual,34546.0423
BMW,Model A,2012,1.1,163947,Electric,Automatic,17790.07802
Ford,Model A,2019,2.8,113828,Electric,Manual,27146.60129
Honda,Model B,2014,3.3,123852,Petrol,Automatic,27965.77515
Ford,Model B,2000,1.7,132698,Electric,Automatic,17083.78199
Audi,Model A,2021,4.2,90815,Electric,Automatic,35063.59836
Ford,Model E,2002,3.9,194894,Petrol,Automatic,18065.12112
BMW,Model B,2005,2.6,164714,Electric,Manual,20533.0202
BMW,Model D,2021,2.4,38311,Diesel,Manual,34307.45019
Ford,Model D,2013,1.8,32356,Electric,Manual,29780.25613
BMW,Model E,2003,3.6,3809,Electric,Automatic,26262.43189
BMW,Model B,2017,1.5,174443,Electric,Manual,23845.10841
Audi,Model D,2014,3.4,34875,Petrol,Manual,30013.57772
Honda,Model B,2008,3.9,9465,Diesel,Automatic,30012.54754
Audi,Model B,2017,1.8,197167,Diesel,Automatic,20886.39592
Toyota,Model D,2002,4,73844,Electric,Automatic,22311.59218
Audi,Model A,2009,1.1,196322,Petrol,Manual,12412.86478
Ford,Model D,2016,4.2,86889,Petrol,Manual,33502.99809
Honda,Model E,2006,1.4,15250,Diesel,Automatic,22633.00092
Ford,Model C,2014,3.3,46023,Petrol,Manual,29759.37055
Toyota,Model D,2000,1.9,101350,Electric,Automatic,16271.06644
Honda,Model B,2010,3.9,177696,Electric,Manual,22401.89093
BMW,Model B,2016,2.8,16427,Petrol,Automatic,30766.84412
Audi,Model D,2004,1.5,164348,Electric,Manual,18340.76774
Ford,Model C,2006,3,71643,Diesel,Manual,23236.8417
Toyota,Model D,2018,2.4,134511,Electric,Manual,29503.5583
BMW,Model C,2014,3.3,78672,Petrol,Automatic,30944.9428
Audi,Model C,2002,4.1,17300,Diesel,Automatic,26386.10602
BMW,Model E,2014,2.4,60289,Electric,Automatic,28425.17327
Audi,Model B,2004,2,148254,Diesel,Manual,18625.99266
Honda,Model B,2011,1.1,181984,Petrol,Automatic,19284.01441
BMW,Model C,2019,3,157981,Electric,Manual,28481.88402
BMW,Model B,2004,2.4,19659,Electric,Automatic,25190.31531
BMW,Model A,2002,2.3,162475,Diesel,Automatic,14567.4038
Honda,Model C,2008,1.6,164658,Electric,Manual,19248.87665
Toyota,Model B,2008,2.5,10360,Electric,Manual,27008.98725
Audi,Model A,2006,4.4,21424,Electric,Automatic,24150.39002
BMW,Model E,2001,2,98035,Electric,Automatic,19378.80695
Honda,Model B,2020,3.1,48791,Petrol,Manual,31292.2299
Toyota,Model A,2015,3.7,134137,Electric,Manual,26276.37385
Audi,Model D,2008,3.6,199867,Diesel,Automatic,20218.69227
Honda,Model D,2012,2.2,12300,Petrol,Manual,25677.70591
Audi,Model A,2018,3.1,33370,Diesel,Automatic,32809.58295
BMW,Model C,2019,4,27209,Diesel,Automatic,34506.13511
Toyota,Model C,2016,1.1,20927,Diesel,Automatic,26399.21003
Honda,Model B,2005,2.5,34579,Petrol,Manual,24863.53365
Toyota,Model D,2003,1.8,9032,Petrol,Automatic,20268.00756
BMW,Model C,2000,2.4,93254,Petrol,Automatic,19288.55356
Toyota,Model C,2017,2.5,78413,Electric,Manual,29520.54783
Toyota,Model D,2018,3.6,171803,Diesel,Manual,27220.34732
Ford,Model E,2008,1.3,113528,Petrol,Manual,21501.36842
Toyota,Model C,2012,2.8,184839,Diesel,Automatic,23688.75477
Audi,Model A,2007,3,123916,Petrol,Manual,22141.50455
Honda,Model B,2012,2.7,72302,Petrol,Manual,28975.79897
Ford,Model C,2014,3.6,181026,Petrol,Automatic,23978.52967
Honda,Model C,2010,2.3,85757,Diesel,Automatic,22913.22825
Honda,Model E,2011,4.3,156174,Electric,Automatic,24505.79876
BMW,Model A,2013,2.7,165505,Petrol,Automatic,23158.70518
BMW,Model B,2003,3,15932,Petrol,Manual,27873.7557
Ford,Model C,2000,3.9,25714,Petrol,Automatic,25517.22571
BMW,Model B,2003,2,57803,Electric,Manual,20262.53626
BMW,Model D,2018,1.3,170815,Diesel,Automatic,24947.77009
BMW,Model C,2008,3.5,133624,Diesel,Automatic,20449.16698
Honda,Model C,2009,2.7,56627,Diesel,Manual,24734.23923
Ford,Model D,2003,4.1,177059,Diesel,Manual,21632.61876
Honda,Model E,2019,4.4,79810,Petrol,Manual,36842.41449
Audi,Model C,2008,2.4,45380,Electric,Automatic,26492.36253
Honda,Model B,2012,2.5,160322,Petrol,Automatic,22483.67512
Audi,Model A,2011,2.4,199416,Electric,Manual,18747.46966
Toyota,Model B,2010,2.1,64686,Diesel,Manual,26061.84232
Toyota,Model E,2011,3.7,120321,Electric,Automatic,26142.68534
Audi,Model A,2017,3.7,45028,Petrol,Manual,31139.53729
Audi,Model B,2011,2.7,146367,Petrol,Manual,21963.66246
Honda,Model B,2015,1.2,113141,Diesel,Automatic,21508.05801
Audi,Model D,2004,2.1,55248,Petrol,Manual,22464.83123
Ford,Model E,2019,2,10523,Petrol,Automatic,32297.52895
Toyota,Model D,2011,3.8,45530,Electric,Automatic,33092.2664
Toyota,Model A,2020,1.3,13769,Petrol,Automatic,29716.75575
Audi,Model D,2010,3.8,194114,Diesel,Manual,21532.74649
BMW,Model E,2008,3.3,112035,Diesel,Manual,26516.61264
BMW,Model C,2017,3.6,175717,Petrol,Manual,29524.3287
Audi,Model C,2002,2.5,193214,Diesel,Manual,16288.72195
Ford,Model A,2019,3.4,156629,Electric,Automatic,26961.42366
BMW,Model C,2016,3.1,79782,Electric,Automatic,28264.86467
Audi,Model D,2013,3.7,78382,Petrol,Manual,25294.76637
Ford,Model A,2000,2.6,168157,Petrol,Manual,13936.6134
Ford,Model E,2016,2.7,181780,Electric,Manual,23514.12485
Honda,Model A,2007,3.3,182429,Diesel,Manual,19616.57827
Ford,Model A,2004,1.4,110939,Petrol,Automatic,19499.86595
BMW,Model B,2004,2.5,144542,Petrol,Manual,18382.49443
BMW,Model B,2008,4.4,78712,Diesel,Automatic,26412.28541
Audi,Model A,2002,1.1,118643,Petrol,Manual,16950.53852
Audi,Model C,2018,2.1,107417,Diesel,Manual,31839.68049
Ford,Model B,2008,2.1,137877,Diesel,Manual,19671.45167
Toyota,Model E,2021,3.2,128256,Diesel,Automatic,29764.97504
Honda,Model D,2017,1.4,193100,Diesel,Manual,22338.85116
Toyota,Model B,2015,3.2,181844,Diesel,Automatic,22664.56322
Ford,Model A,2000,1.3,183176,Electric,Automatic,14986.71507
Ford,Model C,2001,1.3,101422,Diesel,Manual,13870.81978
Toyota,Model D,2013,3.5,89300,Electric,Automatic,27219.54597
Honda,Model B,2013,2.1,6630,Diesel,Automatic,28746.0582
Toyota,Model C,2000,4.4,124474,Petrol,Automatic,21878.61549
Audi,Model C,2015,1.1,98869,Electric,Manual,19813.5874
BMW,Model C,2014,2.6,15701,Petrol,Automatic,33120.42979
Audi,Model A,2014,1.4,145931,Diesel,Automatic,22331.88517
BMW,Model E,2011,2.2,152255,Diesel,Manual,23532.91289
Ford,Model C,2015,4.5,171510,Petrol,Manual,30150.57147
Honda,Model D,2013,4.1,97285,Diesel,Automatic,27354.62244
Toyota,Model B,2014,1.2,117556,Petrol,Automatic,17533.492
Honda,Model D,2014,3,173316,Diesel,Automatic,25626.93215
Toyota,Model A,2018,3.3,15021,Diesel,Automatic,33276.18466
Audi,Model A,2007,1.7,186637,Electric,Manual,14301.81301
Audi,Model D,2001,1.5,179115,Petrol,Manual,14696.84931
Toyota,Model E,2001,4.2,64361,Diesel,Automatic,29609.06386
Honda,Model A,2009,4.4,132317,Petrol,Manual,25466.33701
Toyota,Model A,2002,4.5,172083,Electric,Automatic,22298.08261
Ford,Model D,2016,3.8,10355,Petrol,Manual,32107.24441
Audi,Model A,2007,3.3,98841,Electric,Manual,20784.43447
Ford,Model E,2003,2.2,179764,Petrol,Automatic,17739.68094
Audi,Model E,2013,1.6,180076,Petrol,Automatic,20788.34634
Audi,Model E,2020,1.3,160786,Electric,Automatic,22629.29433
BMW,Model B,2009,3.4,17198,Diesel,Automatic,32852.53862
Ford,Model E,2000,3.7,66951,Diesel,Manual,19523.47206
Ford,Model E,2003,3.9,132724,Diesel,Manual,19203.73985
BMW,Model B,2000,4.2,174697,Petrol,Automatic,17579.41481
Honda,Model C,2016,4.1,18740,Petrol,Manual,33550.20599
Ford,Model A,2016,4.5,3810,Diesel,Manual,38740.20942
Toyota,Model E,2006,1.9,123743,Petrol,Automatic,19711.24588
BMW,Model A,2019,3.7,147641,Petrol,Automatic,28132.04202
Ford,Model D,2014,3.1,99855,Diesel,Manual,24667.23646
Honda,Model A,2012,1.9,26783,Electric,Automatic,29634.11708
Ford,Model B,2001,4.4,121701,Petrol,Automatic,19941.66823
Audi,Model A,2018,4.1,78047,Petrol,Manual,29748.42742
Toyota,Model A,2012,1.4,9471,Petrol,Manual,26525.93372
BMW,Model A,2010,1.1,110771,Petrol,Automatic,20987.83805
Audi,Model C,2021,3.4,6163,Electric,Manual,34551.5648
Honda,Model C,2014,3.1,194159,Diesel,Automatic,23906.08501
Audi,Model D,2009,4.3,62071,Petrol,Automatic,28430.49745
Audi,Model B,2008,1.8,16065,Diesel,Manual,27902.28788
Honda,Model A,2008,1.3,122323,Petrol,Manual,20494.07122
Audi,Model A,2019,1.9,117969,Electric,Automatic,29984.50868
BMW,Model A,2000,1.1,83456,Diesel,Automatic,16142.74215
Ford,Model A,2016,1.1,179420,Electric,Automatic,21916.94205
Audi,Model C,2011,4.2,19154,Petrol,Manual,28368.67756
BMW,Model D,2009,2.2,105703,Electric,Automatic,28398.16739
Ford,Model E,2004,2.4,20229,Electric,Manual,26376.44307
Ford,Model B,2017,1.1,52587,Petrol,Automatic,26478.03556
Audi,Model A,2014,1.9,49713,Petrol,Manual,26796.09958
BMW,Model D,2005,3.8,158069,Diesel,Automatic,20702.50385
Audi,Model E,2006,3.2,21101,Petrol,Manual,31025.02325
Honda,Model D,2016,3.6,40391,Diesel,Automatic,33977.549
Ford,Model C,2005,2.6,72723,Electric,Automatic,22177.2134
Audi,Model E,2007,2.1,190477,Electric,Automatic,14698.51996
Ford,Model D,2011,2.7,166020,Diesel,Automatic,23991.20927
BMW,Model C,2020,2.1,100264,Petrol,Manual,29863.89785
Toyota,Model D,2013,3.9,184103,Petrol,Manual,25507.59139
Audi,Model D,2011,2,37921,Electric,Manual,26436.46113
Audi,Model E,2009,3.3,28460,Diesel,Manual,28077.7651
Ford,Model C,2021,1.5,152143,Electric,Manual,28263.29702
BMW,Model A,2019,3.4,197190,Electric,Automatic,28997.03848
Honda,Model B,2014,4.2,179354,Petrol,Manual,26712.54975
BMW,Model E,2006,3.1,91725,Diesel,Manual,25553.43173
Audi,Model C,2008,3,58445,Electric,Manual,26549.94633
Honda,Model D,2009,4.4,82208,Petrol,Manual,25449.62846
BMW,Model C,2009,3.2,185888,Electric,Automatic,18646.11449
Toyota,Model B,2015,1.9,106283,Electric,Automatic,27278.21381
Ford,Model B,2006,2,85779,Petrol,Automatic,24258.4607
BMW,Model A,2004,3.5,3060,Petrol,Automatic,29955.25402
BMW,Model A,2002,3.6,125806,Diesel,Manual,21601.80462
Toyota,Model B,2017,2.1,13731,Electric,Manual,33196.04791
Audi,Model E,2010,2.2,77830,Diesel,Automatic,24392.22541
Ford,Model E,2014,4.5,115871,Petrol,Automatic,30449.23067
BMW,Model D,2020,1.4,20719,Petrol,Manual,30354.68526
Honda,Model A,2019,2.4,178114,Electric,Manual,22280.72873
BMW,Model D,2004,1.2,49116,Diesel,Automatic,22673.34394
Ford,Model A,2011,3.9,26325,Diesel,Automatic,33533.99881
BMW,Model B,2003,1.3,153669,Electric,Automatic,20364.46756
Toyota,Model E,2014,3.4,198511,Electric,Automatic,23402.508
BMW,Model E,2008,1.2,14551,Diesel,Manual,22576.83036
BMW,Model B,2006,3.4,93287,Petrol,Manual,23478.76853
Honda,Model D,2009,4,24278,Petrol,Manual,30014.31723
Toyota,Model D,2012,2.4,15141,Electric,Automatic,29339.94561
Toyota,Model C,2007,2.8,67913,Diesel,Manual,25646.10251
BMW,Model A,2011,2.4,33615,Diesel,Manual,28345.18858
Honda,Model D,2021,2.1,122058,Diesel,Automatic,29151.26452
BMW,Model B,2018,3.8,193823,Petrol,Automatic,26303.6961
BMW,Model D,2000,2,112684,Petrol,Automatic,12915.20819
Ford,Model E,2015,3.5,27452,Diesel,Automatic,32581.66766
Ford,Model A,2021,1.7,153797,Diesel,Automatic,25383.61152
Honda,Model C,2016,1.9,50391,Electric,Automatic,29380.98373
Audi,Model A,2017,2.2,120288,Electric,Manual,25162.63559
Ford,Model E,2010,3.1,113535,Diesel,Manual,24970.30145
Audi,Model E,2017,2.6,142770,Diesel,Manual,26673.98438
Toyota,Model E,2006,3.6,86711,Petrol,Manual,24544.3656
Ford,Model E,2017,1.7,77850,Diesel,Manual,28359.2412
Ford,Model B,2007,1,109733,Electric,Manual,19153.59986
Honda,Model C,2005,3.7,2365,Petrol,Automatic,29095.06766
Audi,Model E,2006,3.9,97662,Electric,Automatic,19071.4824
Ford,Model E,2021,1.2,43372,Electric,Automatic,27443.62543
Ford,Model D,2009,3.1,44134,Petrol,Manual,25210.96837
Honda,Model C,2010,2.3,37823,Electric,Manual,27141.51444
Honda,Model A,2012,3.8,71158,Diesel,Automatic,31585.43047
Audi,Model C,2008,4.1,96076,Electric,Automatic,26159.36979
Toyota,Model C,2006,4,133021,Petrol,Automatic,25045.54636
Toyota,Model C,2008,3.7,49396,Petrol,Automatic,29226.70531
BMW,Model E,2012,1.9,108336,Petrol,Automatic,23662.98685
Ford,Model E,2002,3.8,31912,Electric,Manual,27152.3534
Audi,Model B,2002,2.9,56947,Diesel,Manual,23444.53744
Ford,Model A,2000,1.2,44387,Petrol,Manual,18896.08901
Audi,Model D,2020,2.6,195037,Diesel,Automatic,25230.3107
Audi,Model C,2019,4.3,16508,Petrol,Manual,39167.86282
Audi,Model A,2001,4.1,45592,Diesel,Automatic,26365.89795
Ford,Model A,2002,1.4,109249,Diesel,Manual,17773.49224
Honda,Model B,2014,3.6,1919,Diesel,Automatic,31349.14884
Ford,Model D,2005,3.8,42595,Petrol,Automatic,29802.0003
Audi,Model C,2012,1.9,140689,Electric,Manual,18951.45294
BMW,Model D,2020,2.7,33298,Electric,Manual,29322.97384
Toyota,Model B,2000,3.5,138001,Electric,Manual,19842.87138
Audi,Model E,2019,2.5,14456,Diesel,Manual,31015.67962
BMW,Model A,2018,1.4,109599,Petrol,Manual,27498.24801
Honda,Model C,2000,3.5,86676,Diesel,Automatic,18298.78875
Audi,Model E,2020,4.2,83721,Petrol,Manual,35137.56295
BMW,Model B,2021,3.3,37924,Diesel,Manual,35845.76387
Audi,Model D,2001,3.7,24240,Petrol,Automatic,25924.03193
Ford,Model A,2014,2.3,87381,Petrol,Manual,22031.80671
BMW,Model C,2013,1.6,9228,Petrol,Automatic,24791.99376
Ford,Model E,2018,3.2,21686,Diesel,Manual,33795.57056
Ford,Model E,2010,2.1,11920,Electric,Manual,27138.416
BMW,Model A,2014,4,7432,Diesel,Automatic,35083.06057
Toyota,Model D,2005,1.4,194647,Diesel,Manual,14431.21742
BMW,Model B,2019,2.5,110507,Petrol,Manual,27664.28874
Toyota,Model D,2008,2.4,130509,Petrol,Manual,16421.91485
Audi,Model D,2004,4.3,71725,Electric,Manual,27658.61462
Audi,Model D,2019,1.5,164982,Electric,Automatic,21952.60763
BMW,Model A,2001,1,121764,Petrol,Automatic,14615.38815
Audi,Model A,2005,1.8,161298,Electric,Manual,14895.54191
Honda,Model B,2017,3.9,59099,Electric,Manual,29264.22787
Ford,Model D,2018,1.7,112557,Petrol,Automatic,28716.42566
Ford,Model A,2008,1.8,86760,Diesel,Automatic,23852.97539
Toyota,Model B,2020,1.5,18013,Electric,Manual,32723.34115
Audi,Model B,2005,3.5,21446,Petrol,Automatic,26994.67876
Toyota,Model D,2013,1.2,105209,Electric,Automatic,19163.70511
Ford,Model C,2012,2.2,193581,Electric,Automatic,23925.03951
Ford,Model D,2010,2,102261,Petrol,Automatic,23731.53326
Audi,Model C,2011,2.9,95739,Electric,Manual,25786.6284
Honda,Model B,2018,3.6,557,Electric,Automatic,34453.88396
Honda,Model A,2018,2.9,161738,Electric,Manual,21623.98749
Audi,Model E,2020,4.3,168461,Diesel,Manual,31460.06746
Audi,Model B,2018,4.3,178772,Diesel,Automatic,25545.99299
Toyota,Model A,2012,2.3,130878,Electric,Manual,24149.23833
Audi,Model B,2013,3.7,99143,Petrol,Manual,29484.51792
Honda,Model D,2017,3.6,24578,Electric,Automatic,34139.41524
Audi,Model C,2011,4.1,74779,Electric,Automatic,29900.99708
Toyota,Model B,2003,2.6,140668,Diesel,Automatic,21358.8395
Toyota,Model A,2009,2.9,57500,Diesel,Manual,24840.16918
Toyota,Model D,2016,2.5,72534,Diesel,Manual,28702.30518
Toyota,Model E,2003,4,10129,Electric,Manual,27543.33919
BMW,Model D,2011,1.8,194466,Electric,Manual,14697.5699
Audi,Model C,2012,1.8,197118,Petrol,Automatic,19316.76666
Ford,Model D,2003,2.3,11596,Electric,Manual,27022.70119
Audi,Model E,2009,1.8,65355,Electric,Automatic,26584.91832
BMW,Model A,2002,3,12974,Diesel,Automatic,29066.25442
Toyota,Model B,2014,1.5,197745,Diesel,Automatic,15565.31175
BMW,Model C,2001,2.1,112004,Diesel,Automatic,21357.0554
Honda,Model E,2016,4.2,126794,Diesel,Manual,29429.97953
Honda,Model C,2005,2.4,70202,Diesel,Automatic,25991.02501
Audi,Model D,2007,3.6,74442,Petrol,Manual,25188.33518
Audi,Model C,2002,1.4,152890,Petrol,Automatic,14093.89904
Ford,Model E,2017,1.9,174318,Petrol,Automatic,20153.55485
Ford,Model B,2021,3.8,55598,Diesel,Automatic,35872.05513
Honda,Model B,2000,3.7,133726,Diesel,Manual,20742.65214
Toyota,Model C,2015,2.4,33758,Diesel,Automatic,27378.08088
BMW,Model A,2006,4.3,24204,Petrol,Automatic,25061.52647
Ford,Model C,2002,4.2,127309,Diesel,Automatic,22865.04047
Ford,Model D,2003,4.4,166000,Petrol,Automatic,22058.34073
Toyota,Model B,2008,2.5,184681,Diesel,Manual,16792.04698
Toyota,Model B,2004,1.7,30552,Electric,Manual,20496.74317
Audi,Model B,2018,3.2,141408,Petrol,Automatic,28641.33636
BMW,Model A,2014,3.4,47037,Electric,Automatic,34160.9374
Toyota,Model A,2007,1.4,147278,Petrol,Manual,16946.1196
Ford,Model E,2005,3.8,34831,Diesel,Manual,25599.17213
Ford,Model C,2017,1.1,43563,Diesel,Manual,28119.56693
Honda,Model C,2018,2.7,18361,Electric,Automatic,33752.45613
Toyota,Model D,2014,2.2,41335,Diesel,Manual,27604.66981
Audi,Model B,2006,3.6,74469,Petrol,Automatic,29526.73217
BMW,Model A,2009,2.1,25816,Diesel,Manual,28212.57024
Audi,Model D,2005,3.9,146691,Diesel,Manual,21202.90859
Ford,Model D,2013,3.1,92479,Petrol,Automatic,23891.08406
Audi,Model A,2016,3.8,26819,Electric,Manual,35897.89358
Ford,Model C,2008,4.5,142813,Electric,Automatic,27243.21247
Ford,Model B,2018,3.4,122330,Diesel,Manual,28077.99426
Ford,Model C,2004,4.4,8798,Petrol,Automatic,30061.25092
Ford,Model D,2006,1.1,156215,Electric,Manual,16088.31021
Ford,Model B,2018,2.2,49695,Electric,Manual,30956.44776
Honda,Model E,2019,1.4,163819,Diesel,Automatic,21059.15094
Audi,Model D,2006,1.9,129544,Petrol,Automatic,16987.76176
Honda,Model C,2001,3.9,152254,Electric,Automatic,21309.02747
Honda,Model C,2015,1.1,9415,Diesel,Automatic,30104.47969
Toyota,Model C,2012,2.8,142157,Diesel,Manual,22510.56595
Toyota,Model A,2007,3,146080,Diesel,Manual,19697.75785
Toyota,Model D,2005,3,87638,Diesel,Manual,25413.2329
BMW,Model B,2005,2.7,18452,Electric,Manual,24546.87496
Toyota,Model C,2008,3.8,195147,Petrol,Manual,20953.47251
Audi,Model C,2003,1.5,139192,Diesel,Manual,16397.57004
Honda,Model A,2010,2.1,195457,Diesel,Automatic,15493.33811
Audi,Model B,2004,3.2,110205,Electric,Manual,22273.97853
Toyota,Model D,2016,3.4,18170,Diesel,Manual,33080.31391
BMW,Model E,2019,2.4,16259,Diesel,Automatic,33207.43256
BMW,Model A,2006,4.1,22099,Petrol,Manual,29411.51174
Honda,Model D,2014,2.5,140721,Diesel,Manual,28235.32482
Audi,Model E,2014,2.4,129394,Electric,Manual,26653.65646
Ford,Model C,2013,1.1,59258,Petrol,Automatic,24814.718
Audi,Model C,2012,2.9,172109,Electric,Automatic,22455.02817
Toyota,Model B,2010,3.5,11805,Petrol,Manual,33936.98842
Ford,Model E,2012,1.4,43147,Petrol,Automatic,27368.82557
BMW,Model C,2021,2.1,74280,Diesel,Manual,27527.99428
Honda,Model C,2008,3.7,177125,Diesel,Manual,23441.64645
Honda,Model B,2009,2.3,106777,Diesel,Manual,25246.75216
BMW,Model D,2003,1.8,97841,Electric,Automatic,22443.38415
Toyota,Model C,2016,3.4,124726,Diesel,Manual,26760.71664
BMW,Model A,2013,1.7,128359,Diesel,Manual,21533.14901
Toyota,Model A,2017,4.1,76215,Petrol,Manual,30005.61996
Ford,Model D,2010,1.4,112909,Diesel,Manual,21770.80493
BMW,Model E,2015,3.5,95365,Diesel,Manual,30197.48516
Toyota,Model B,2000,2.7,10985,Diesel,Automatic,22824.09163
Ford,Model A,2006,4,12391,Diesel,Manual,29096.8194
BMW,Model A,2009,1.4,4861,Petrol,Automatic,21949.51441
Honda,Model D,2008,3.4,194654,Diesel,Manual,23086.1981
BMW,Model E,2002,3,183000,Petrol,Automatic,13720.04726
Audi,Model E,2021,2.7,34364,Electric,Manual,33931.3595
BMW,Model D,2013,2.7,82399,Diesel,Manual,27256.55967
Audi,Model A,2014,3.5,42923,Diesel,Automatic,30945.46594
Ford,Model B,2001,4.3,138991,Diesel,Automatic,21288.04376
BMW,Model A,2013,1.3,186968,Petrol,Manual,16728.03765
Ford,Model E,2015,1.1,85818,Diesel,Automatic,23752.96959
Ford,Model A,2006,3.8,178468,Diesel,Automatic,22614.5013
Toyota,Model B,2003,1.4,165912,Electric,Manual,17534.711
Ford,Model C,2017,4.5,173327,Petrol,Manual,26991.84812
Ford,Model A,2004,3.2,71160,Petrol,Manual,20721.16094
BMW,Model D,2005,3.3,128165,Electric,Manual,20134.4023
BMW,Model C,2006,1.7,139248,Petrol,Manual,22142.99419
Honda,Model D,2014,1.8,33529,Diesel,Automatic,26485.26102
Toyota,Model D,2000,3.3,187478,Diesel,Manual,16031.69266
Ford,Model D,2003,4.2,144013,Electric,Automatic,24531.17472
Toyota,Model A,2000,4.4,1669,Petrol,Manual,26662.75799
Audi,Model E,2010,1.7,117373,Petrol,Manual,21200.27922
Ford,Model C,2017,1.5,44859,Petrol,Automatic,29846.04658
Toyota,Model B,2013,1.2,55786,Electric,Manual,28534.31374
Honda,Model E,2021,4,182155,Diesel,Automatic,27101.14627
Honda,Model A,2010,2,171148,Electric,Automatic,22226.79049
Ford,Model D,2009,1,20323,Diesel,Automatic,23920.79258
Audi,Model B,2016,1.8,6021,Electric,Manual,28527.09259
Honda,Model C,2003,2.2,39807,Diesel,Manual,23408.76286
Honda,Model E,2014,4.5,128305,Petrol,Manual,26269.61388
Audi,Model E,2015,2.8,50355,Petrol,Manual,30526.27286
Toyota,Model B,2020,1.7,113415,Petrol,Manual,33028.54602
Honda,Model A,2012,2.2,175804,Electric,Manual,22821.00163
BMW,Model C,2008,2.2,8711,Electric,Automatic,26754.65072
Honda,Model B,2010,1.1,194151,Electric,Manual,18596.85382
Toyota,Model D,2010,1.5,7904,Petrol,Manual,24741.75654
Toyota,Model C,2005,3.4,64033,Diesel,Manual,23571.00073
Ford,Model E,2000,1.4,86478,Petrol,Manual,17321.77045
BMW,Model B,2021,1.8,120035,Petrol,Automatic,27273.8124
Toyota,Model E,2005,2.2,186168,Diesel,Automatic,14004.99436
Audi,Model E,2012,3.7,3093,Diesel,Automatic,31632.39502
BMW,Model E,2021,3,24918,Diesel,Automatic,33964.92257
BMW,Model A,2021,3.4,193708,Diesel,Automatic,29698.5447
Audi,Model E,2004,3,189878,Petrol,Manual,14919.40897
Honda,Model D,2014,3.4,140466,Electric,Automatic,23004.60292
Audi,Model D,2017,1,124501,Petrol,Automatic,23626.36789
Audi,Model C,2019,4.3,92510,Diesel,Manual,34776.25321
Honda,Model E,2013,1.4,93708,Electric,Manual,24717.78603
Honda,Model E,2014,2.4,97819,Electric,Automatic,26514.40379
Honda,Model B,2004,3.7,144352,Petrol,Manual,20605.18394
Honda,Model A,2003,2.5,36303,Petrol,Manual,25037.05986
Honda,Model C,2001,4.3,27453,Petrol,Automatic,28381.12844
Audi,Model E,2006,2.6,108886,Electric,Manual,21241.07827
Ford,Model B,2009,4.1,60695,Electric,Automatic,26768.00098
Ford,Model A,2015,3.8,199521,Electric,Automatic,22239.70581
Toyota,Model C,2009,4.4,156837,Diesel,Manual,26215.61856
Ford,Model C,2017,4.2,133412,Diesel,Automatic,26140.85336
Ford,Model E,2016,4.1,38057,Petrol,Automatic,36651.26835
Audi,Model C,2020,3.6,131669,Electric,Manual,28704.29861
Honda,Model B,2012,2.3,189060,Petrol,Manual,20766.06386
Honda,Model C,2000,1.4,94655,Electric,Manual,18470.67012
Audi,Model D,2000,3.4,15025,Petrol,Manual,23681.37857
Ford,Model B,2014,4.4,7145,Diesel,Automatic,33522.95431
Audi,Model A,2000,3.5,101206,Electric,Manual,21203.64
Toyota,Model A,2005,4.3,186869,Diesel,Manual,19049.10836
Honda,Model E,2012,3.8,41723,Electric,Automatic,28378.56647
BMW,Model E,2000,1.6,73230,Petrol,Automatic,16582.93551
Toyota,Model D,2004,1.9,135902,Electric,Automatic,20423.19257
Toyota,Model A,2008,2.2,155002,Diesel,Automatic,20445.74969
Audi,Model A,2016,1.6,154824,Electric,Manual,20872.46588
Ford,Model A,2015,3,108138,Petrol,Manual,28838.61891
Honda,Model A,2007,4.4,62040,Electric,Automatic,26722.48951
BMW,Model C,2016,3.7,108668,Diesel,Automatic,25065.7756
Toyota,Model B,2014,2.5,198768,Petrol,Automatic,22455.21798
BMW,Model B,2000,1,195720,Diesel,Automatic,14506.4619
Ford,Model D,2011,2.1,55030,Electric,Manual,27064.57934
Ford,Model C,2004,2.8,56815,Diesel,Automatic,19984.5761
BMW,Model A,2005,2.1,112789,Electric,Manual,20013.4392
Honda,Model A,2000,1.4,166762,Petrol,Automatic,12912.744
Ford,Model E,2000,2.5,57923,Diesel,Manual,21860.27433
BMW,Model E,2009,1.9,167644,Diesel,Manual,17223.26145
Toyota,Model D,2009,4.2,185102,Electric,Manual,21977.9455
BMW,Model A,2002,1.4,67904,Diesel,Manual,16564.63403
BMW,Model D,2016,1.2,160275,Diesel,Automatic,21829.79156
Audi,Model C,2018,1,77088,Petrol,Manual,23379.80816
Ford,Model B,2010,2.1,5608,Electric,Automatic,28794.44897
Honda,Model A,2017,3.3,45667,Electric,Manual,30315.55562
Honda,Model C,2001,3.6,55547,Petrol,Manual,17639.82092
Audi,Model A,2008,2.6,153557,Petrol,Automatic,22109.66629
Honda,Model E,2016,3.4,140934,Electric,Automatic,27741.38004
BMW,Model D,2013,2.3,128391,Petrol,Manual,26386.3341
Audi,Model E,2003,3.3,75948,Petrol,Manual,19122.36299
Toyota,Model B,2016,1.1,71880,Petrol,Automatic,24296.90092
Ford,Model E,2016,2.4,57560,Electric,Manual,29185.18592
Ford,Model A,2011,3.8,115063,Petrol,Automatic,27490.26179
Ford,Model E,2019,3.8,94218,Diesel,Automatic,28463.33212
BMW,Model A,2017,3.5,114462,Diesel,Automatic,29639.81992
Toyota,Model B,2002,1.7,159487,Electric,Manual,14282.09618
Audi,Model E,2010,1.9,195595,Petrol,Manual,14310.09267
Audi,Model D,2017,4.5,150395,Diesel,Automatic,27478.88803
Ford,Model D,2003,1.4,184286,Electric,Automatic,15114.45427
Toyota,Model D,2016,1.6,17997,Diesel,Automatic,25673.55386
Toyota,Model E,2017,1.5,121266,Petrol,Automatic,25710.80368
Toyota,Model E,2004,2.1,188075,Electric,Manual,16363.006
Honda,Model E,2013,1.7,3679,Diesel,Automatic,28208.33185
Honda,Model A,2009,2.7,40308,Electric,Manual,23614.20498
Ford,Model B,2014,2.7,170914,Diesel,Automatic,19744.40235
Toyota,Model D,2000,4.2,196480,Diesel,Manual,16779.03671
Toyota,Model A,2015,1.1,185010,Petrol,Manual,17199.61996
Audi,Model D,2010,2.1,5695,Petrol,Manual,27247.73279
Audi,Model A,2019,3.1,58499,Diesel,Manual,33587.41431
Ford,Model E,2005,3.1,23382,Electric,Manual,25984.85757
Toyota,Model D,2021,2.7,14235,Electric,Automatic,33587.36012
Ford,Model E,2015,3.9,193295,Petrol,Automatic,24035.94445
Audi,Model D,2001,1.2,133438,Diesel,Manual,17254.90386
Audi,Model C,2000,3.9,158539,Petrol,Automatic,21459.78977
Honda,Model A,2008,2.7,190388,Diesel,Automatic,19724.46742
Ford,Model C,2021,1.5,112468,Diesel,Automatic,27149.78303
Ford,Model A,2011,4.1,6764,Petrol,Automatic,32820.92523
Toyota,Model B,2016,3.3,113831,Electric,Automatic,30764.3538
Toyota,Model D,2014,1.6,61836,Petrol,Automatic,27060.70552
Honda,Model B,2018,1.1,31923,Diesel,Automatic,31648.72782
BMW,Model B,2021,1.5,95711,Petrol,Manual,26876.2803
BMW,Model A,2009,3.1,16292,Electric,Automatic,26214.26196
BMW,Model C,2011,1.6,124913,Electric,Automatic,20116.23103
Ford,Model E,2013,1.8,132686,Diesel,Automatic,21340.10614
Ford,Model A,2008,1.1,20939,Petrol,Manual,27362.10586
Audi,Model E,2012,3.5,18800,Electric,Manual,32532.82749
Ford,Model B,2002,3.8,56440,Petrol,Automatic,23503.08695
Ford,Model E,2020,3.8,154318,Electric,Manual,30500.92235
Ford,Model C,2013,1.4,127521,Diesel,Manual,21664.78778
Honda,Model A,2020,4.2,183877,Diesel,Automatic,31475.25338
Ford,Model C,2009,3.4,121327,Petrol,Manual,23566.24751
Toyota,Model C,2015,4.1,49648,Diesel,Automatic,29139.82149
Toyota,Model A,2006,2.6,115192,Electric,Manual,21066.89787
Audi,Model C,2003,2.5,187923,Diesel,Automatic,15437.54134
Honda,Model D,2019,3.7,162760,Electric,Manual,25075.5467
Toyota,Model D,2010,1.3,93498,Electric,Automatic,23096.92351
Honda,Model D,2015,2.8,29764,Diesel,Automatic,33461.23766
Honda,Model E,2019,3.9,32470,Electric,Manual,32431.53135
Audi,Model C,2003,3.9,169573,Electric,Automatic,21766.77079
Honda,Model A,2021,4.3,57207,Petrol,Automatic,34026.38835
Ford,Model A,2021,3.4,62157,Petrol,Manual,33142.71289
Honda,Model E,2016,1.7,134288,Petrol,Automatic,23426.05555
Audi,Model A,2012,1.1,153144,Diesel,Automatic,19493.37827
Audi,Model D,2010,2.7,93778,Petrol,Manual,25657.26534
Audi,Model C,2002,2.8,130016,Electric,Automatic,17050.83472
Toyota,Model A,2008,1.8,124288,Diesel,Manual,22972.20022
Ford,Model A,2005,1.4,168204,Diesel,Automatic,16896.88551
Toyota,Model B,2021,3.1,110573,Diesel,Manual,31842.51555
BMW,Model B,2020,3.7,120730,Diesel,Manual,28803.36809
Ford,Model B,2010,4.5,148933,Electric,Automatic,23323.80228
Honda,Model C,2015,3.7,64186,Electric,Manual,33056.12686
Audi,Model D,2018,3.8,4960,Petrol,Automatic,33036.50151
BMW,Model D,2004,3.2,18781,Diesel,Automatic,26759.56048
Ford,Model D,2013,4.5,31126,Petrol,Manual,34981.69166
Toyota,Model C,2016,3.2,153650,Electric,Automatic,25463.89606
Audi,Model C,2002,4,106034,Diesel,Automatic,25038.45413
Toyota,Model B,2003,4.3,17883,Electric,Manual,27662.73339
Ford,Model A,2015,4.3,29782,Petrol,Automatic,31056.064
Ford,Model E,2015,2.3,56387,Electric,Automatic,29028.99508
BMW,Model E,2020,1.3,148051,Diesel,Manual,24594.04207
Honda,Model A,2003,1.6,33746,Diesel,Automatic,27388.65249
Toyota,Model B,2018,1.2,66266,Petrol,Automatic,25196.48227
BMW,Model A,2016,1.4,56,Diesel,Manual,29293.50579
Audi,Model A,2012,1.6,31457,Electric,Automatic,25165.41876
Honda,Model E,2021,2.2,133315,Electric,Automatic,26949.28084
BMW,Model B,2000,2.9,186103,Electric,Manual,15129.24514
Toyota,Model C,2011,3.5,132773,Electric,Automatic,23116.75036
Ford,Model E,2003,1.7,187453,Petrol,Automatic,15463.82522
Audi,Model C,2010,3.4,181510,Electric,Manual,21296.21226
Toyota,Model B,2004,3.5,73839,Petrol,Manual,26999.01594
Honda,Model A,2001,3,80636,Electric,Automatic,20171.08575
Honda,Model D,2016,4.2,107697,Petrol,Automatic,33737.89614
Ford,Model D,2007,1.4,66483,Electric,Manual,22527.59801
Ford,Model B,2005,1.6,20505,Electric,Automatic,26217.41688
Audi,Model D,2020,2.5,137625,Petrol,Automatic,27349.65693
Audi,Model C,2008,1.4,33525,Diesel,Automatic,22562.4412
Ford,Model D,2012,3,96008,Diesel,Manual,25672.55816
Ford,Model B,2010,2.4,44348,Diesel,Automatic,23809.06358
Honda,Model B,2015,2,7273,Petrol,Automatic,29913.28277
Ford,Model C,2015,1.6,64236,Diesel,Manual,26832.38575
BMW,Model D,2001,2.2,134607,Diesel,Manual,17261.09559
Toyota,Model D,2009,3.1,149749,Petrol,Manual,24872.86445
Ford,Model A,2011,3,107157,Diesel,Automatic,24843.88234
Audi,Model E,2007,1.6,908,Diesel,Automatic,21866.61281
BMW,Model B,2010,1.4,108352,Diesel,Manual,28470.53002
Audi,Model A,2009,1.1,95967,Petrol,Automatic,19520.43292
BMW,Model B,2012,1,88989,Petrol,Automatic,24488.04022
Ford,Model A,2016,4.1,35079,Diesel,Automatic,30437.55666
Toyota,Model E,2006,1.2,111889,Diesel,Automatic,19295.97435
Audi,Model A,2002,3.6,49323,Petrol,Manual,23144.75838
BMW,Model B,2019,4.1,176392,Diesel,Manual,22235.13008
Honda,Model D,2012,1.3,89909,Petrol,Automatic,22538.93001
Ford,Model B,2018,2.5,46105,Diesel,Manual,30594.61928
Toyota,Model C,2006,4.4,161236,Petrol,Automatic,22300.42815
Ford,Model C,2008,3.9,132957,Electric,Automatic,24638.3767
Honda,Model C,2018,2.7,188891,Electric,Manual,23416.43383
Toyota,Model C,2012,3.7,1049,Petrol,Manual,32485.84963
Honda,Model E,2021,3.9,53281,Electric,Automatic,34976.174
Ford,Model D,2007,2.2,43271,Diesel,Automatic,24666.09382
BMW,Model D,2021,4.1,66697,Petrol,Automatic,34023.59834
Ford,Model B,2017,2.6,197423,Petrol,Automatic,21041.54298
Ford,Model A,2001,2.8,36534,Diesel,Manual,24462.19121
Ford,Model B,2017,4.5,93034,Diesel,Manual,31282.30531
Audi,Model B,2017,4,58097,Petrol,Automatic,31867.49855
Honda,Model B,2010,2.3,184885,Diesel,Automatic,20380.33862
Honda,Model B,2000,1,25037,Petrol,Manual,20172.06605
Honda,Model D,2013,3.2,167079,Diesel,Automatic,22149.60936
Audi,Model A,2015,3.5,27278,Petrol,Manual,34637.41729
BMW,Model B,2010,3.3,139344,Diesel,Automatic,21254.35203
Ford,Model D,2000,4.4,188255,Diesel,Manual,16324.30091
BMW,Model B,2006,4,99173,Electric,Automatic,26378.05794
Audi,Model C,2015,2.6,38294,Electric,Automatic,33287.57119
Honda,Model B,2013,1.2,73277,Electric,Automatic,23081.34562
Ford,Model B,2014,2.7,193581,Diesel,Manual,22546.59275
Toyota,Model E,2013,3.4,4694,Petrol,Manual,29680.57288
Toyota,Model C,2020,3.1,58150,Diesel,Automatic,30434.52937
BMW,Model A,2010,2.9,67470,Electric,Automatic,28690.89638
Honda,Model B,2015,2.6,21556,Diesel,Automatic,31353.72606
Toyota,Model A,2018,2,195543,Electric,Automatic,24549.30951
BMW,Model C,2016,2,180927,Electric,Manual,24126.26751
Audi,Model B,2005,2.8,49086,Petrol,Manual,20466.60061
BMW,Model E,2010,1.6,149979,Petrol,Manual,17309.14132
BMW,Model D,2016,2.2,179559,Electric,Automatic,22971.0016
BMW,Model E,2008,2.1,160230,Electric,Automatic,15794.32004
Ford,Model E,2017,3.1,151365,Diesel,Manual,24023.13991
BMW,Model D,2016,1.2,176833,Electric,Automatic,23412.28481
BMW,Model D,2011,3.9,99468,Diesel,Manual,26243.46825
Ford,Model D,2021,3,33387,Electric,Manual,35251.24716
Ford,Model B,2021,3.3,171822,Petrol,Manual,27452.56346
Audi,Model A,2004,3.5,68602,Petrol,Manual,23210.02749
Honda,Model A,2010,2,152328,Electric,Automatic,17055.18145
Toyota,Model D,2003,2.6,136666,Diesel,Manual,19333.30421
Toyota,Model E,2003,4.3,2460,Diesel,Automatic,31886.21108
BMW,Model C,2002,3.7,72356,Diesel,Manual,22479.14504
Audi,Model D,2016,4.4,54698,Electric,Manual,33202.29671
BMW,Model E,2006,3.6,101746,Electric,Manual,21073.12239
Toyota,Model E,2003,1.6,16191,Petrol,Manual,21546.09962
Ford,Model B,2012,1.2,84631,Petrol,Automatic,23850.21332
Honda,Model B,2011,3,10529,Electric,Automatic,31460.98164
Audi,Model A,2000,2.3,32175,Petrol,Automatic,23103.1475
Ford,Model A,2020,2,17675,Diesel,Automatic,28053.14738
Honda,Model C,2018,3.8,174230,Diesel,Manual,25974.63032
Audi,Model C,2020,2.3,46798,Electric,Automatic,29325.53778
Audi,Model C,2019,2.1,70910,Diesel,Automatic,28536.44345
Toyota,Model C,2017,4,130400,Electric,Manual,28757.61713
Ford,Model E,2010,4,157048,Diesel,Automatic,26280.30378
Audi,Model E,2019,2.2,194188,Electric,Automatic,23781.07407
Audi,Model A,2002,3.9,78678,Diesel,Automatic,26701.76395
Honda,Model B,2016,4,62821,Diesel,Automatic,30459.92937
Toyota,Model B,2011,2.5,12204,Petrol,Manual,26055.64688
BMW,Model D,2009,1.2,186737,Petrol,Manual,19473.63528
Toyota,Model E,2007,1,7394,Petrol,Automatic,24997.21048
BMW,Model C,2014,2.8,64814,Petrol,Manual,26872.75647
Ford,Model C,2004,2.2,33593,Petrol,Automatic,24595.99576
Ford,Model D,2003,4.5,173036,Petrol,Automatic,22518.71913
Audi,Model B,2020,3.7,115064,Electric,Automatic,30885.18163
Ford,Model C,2019,3.7,53365,Electric,Manual,31773.67714
Audi,Model B,2018,4.3,131515,Petrol,Manual,29141.72439
Toyota,Model D,2020,4.1,159252,Electric,Manual,29818.643
Ford,Model B,2003,2.1,179863,Petrol,Manual,16104.62591
Toyota,Model B,2014,1.6,174737,Electric,Manual,22887.67012
Toyota,Model B,2016,3.6,103700,Diesel,Manual,28463.17958
Ford,Model C,2011,2.3,97077,Electric,Automatic,22318.6288
Toyota,Model A,2002,2.7,134537,Electric,Manual,23827.25866
Ford,Model E,2009,3.2,68247,Electric,Automatic,26836.6264
Ford,Model B,2014,4.2,182631,Diesel,Automatic,26936.97552
Ford,Model B,2009,2.5,156270,Petrol,Manual,21730.19674
BMW,Model B,2017,3.7,54740,Electric,Automatic,32536.14888
Toyota,Model A,2000,1.9,153560,Electric,Automatic,14666.51254
Honda,Model D,2002,3.4,169587,Diesel,Automatic,12713.01859
Ford,Model C,2020,1,27898,Petrol,Manual,27478.65752
Toyota,Model A,2011,4.1,132991,Electric,Manual,26708.68843
Audi,Model B,2000,1.1,181142,Diesel,Automatic,6704.953524
Ford,Model A,2002,3.5,62613,Petrol,Manual,24012.58679
Ford,Model A,2002,1.2,96707,Petrol,Automatic,18887.11102
Honda,Model A,2004,1.9,111777,Electric,Manual,20877.70723
BMW,Model D,2018,2.7,47003,Electric,Automatic,32246.16049
BMW,Model E,2000,2.5,48478,Electric,Automatic,23492.8839
Ford,Model C,2003,1.7,145506,Electric,Manual,19835.92277
Toyota,Model D,2003,2.2,177318,Diesel,Manual,18226.33587
Audi,Model D,2016,3.5,167721,Diesel,Manual,26007.6128
Audi,Model E,2013,3.3,59030,Electric,Manual,28879.26029
Toyota,Model D,2017,1.3,184133,Petrol,Manual,21122.62575
Ford,Model A,2000,3.6,133071,Electric,Automatic,18995.4537
Audi,Model A,2021,1.2,145921,Petrol,Automatic,26839.11146
BMW,Model B,2015,2.9,52800,Petrol,Automatic,30804.20042
Toyota,Model D,2002,1.9,5445,Petrol,Manual,22765.59709
Honda,Model B,2020,3.1,149112,Diesel,Manual,30392.57557
Ford,Model C,2008,1.9,195387,Petrol,Automatic,16446.89229
Toyota,Model A,2003,4.4,246,Petrol,Automatic,27396.15671
Audi,Model C,2020,2.1,31153,Diesel,Automatic,31620.86491
